x1,x2
3.3052053410172313,1.609971101369659
4.224980118405199,2.981425945514558
3.8505835473137235,2.3118409805082516
5.793746146464646,2.1252017655647455
4.748743081627283,1.9382774220859582
3.9766298035638634,2.084445353975474
5.760709096171592,3.155209049663869
4.123937420411525,2.141550385925389
5.805369867194071,3.17646121946549
4.30020421472579,2.7701115870379693
4.491521994298297,1.4674297160396947
5.357742994229313,3.199323713757172
6.6738499076016335,4.095095718108514
6.11151288740672,2.794540190046093
3.3669445092917023,1.5094475355656145
5.247215002563913,2.8714331723515216
5.32816981317903,2.1781782471922964
3.960937149248009,3.6453816672292216
3.7908259349005213,2.1625172243708475
4.423928240558468,2.8195705412064167
4.585741206476897,1.5635530060046081
4.399922119990268,2.1979234081586547
3.105939694274408,1.2400145831025067
3.9709582330645,0.9667022245204251
4.891551446666603,1.8576623264612477
5.729973500549134,3.55956019841934
6.176467495857482,3.063125239721662
5.6658836089318205,3.2052638500573547
5.443798377833731,0.9899270145468808
4.410082537967672,1.664325823033847
2.3853353240871957,1.7191497993525557
4.730949227561293,0.42739417907178945
2.9645651557909614,1.385600449625351
6.374719492627477,3.5604729741955143
4.053259439716304,0.6987493139919292
3.877088969180804,1.615177619586247
5.746498294305003,2.610859285478838
5.824595426361482,3.1524485477656423
4.327004589209338,2.9620133998204485
3.507143914102703,1.4040547045450924
4.160607792194185,1.1090122552859283
4.632976116915608,1.4315124489224609
5.393313543090129,3.2226407761366076
5.6303770409915845,3.2665446385986305
6.846987419144034,3.0097055775887234
3.866671402158106,3.0523794851516177
5.731170260854207,4.180497805323123
3.9136261090118305,3.6789890066541058
5.494607648678458,2.391934505785731
4.992476450112848,1.6477778133651486
4.867148500356664,2.3806822283005347
3.3933846667865044,1.8551179862718776
6.832667491113041,2.5213245803170756
6.761110162729572,1.8848993601648056
6.658714647579869,5.136254023453203
5.476107449515365,3.802339199337869
5.956491167677849,2.7335166384314697
6.46445500850996,4.354186022938029
4.8525953103752535,3.751601519886458
5.330039590647573,3.722801923634062
3.8330855591669826,0.638477738814452
4.830430537066457,1.5863856755947843
6.245829149126178,3.3170822210675714
3.610445352374085,2.787139701067217
5.033997150747005,3.317290553704514
4.36428385031509,2.1286801217439053
6.049699851744793,3.136640542222647
1.3506003931221753,-0.3455390308639905
5.503617083152042,2.070710029230252
2.820618692326028,2.697937875328268
2.799113557182181,2.827682528295762
4.510102548039374,3.564069456110661
5.4014060740886904,3.9778293605749115
3.5384484805165757,1.1519967853359827
4.31596055615964,1.2303708767292494
7.090559527721537,2.5693531494224047
6.668919146777148,2.527356572430901
4.537709204221854,3.632015555715947
5.609354355211041,2.1501069476511456
4.3361588305149725,1.9041814733435438
4.78421669485435,2.6818271919051546
4.770627025497337,1.796423125597845
4.983945960635088,3.2312748647384275
5.543322668676577,2.600252723532618
4.532875055792831,2.5572698266807405
5.195253838596216,3.0522371927375094
5.498017001933856,1.704171432876525
4.593669880344699,1.5430710109212835
1.4186380235096108,0.6637709339646831
5.049155665006654,3.20692928681276
2.8136703132661762,2.464958304934084
4.296317203129543,2.95692544243257
4.179216006810766,2.0928377966773613
6.741480786664617,3.510486257063036
8.272186557464076,3.649258793061123
3.3902069165347393,1.713222637176526
5.371124775469208,1.9938588002105317
6.235860007355961,2.6435382520107122
7.410371979088207,2.0245553013289
3.2521210337538,2.834727342803129
5.479243848862638,3.3907344320595154
6.309024220800569,3.526928141629305
6.288700665996149,3.9710863381908603
5.40881576385788,1.6836245006111175
3.810713013118207,3.1511965609347996
5.02979344158008,2.471721938185409
4.965717122672909,2.570314253097581
3.13373284415635,2.4686251994012602
7.017295080378858,4.6315136553555405
4.66946580023328,3.6569083577748627
4.155513594743875,2.7875506451390426
6.085376064978606,2.0181736283267107
4.408175241062743,2.9339599954224242
3.9028759586605726,2.495594993036483
4.511472671882353,2.7927444979410287
6.023222458085031,2.95683468188037
6.832870130290662,3.4943073106629696
5.364090976062954,2.7381742247572465
3.8064482897450462,1.8515239489788815
7.879796217972061,5.258626113614026
4.577148767132455,2.876757416641128
5.644964156340715,3.5313357827891503
3.8353861934440086,0.4957559961595899
3.944350887255389,1.115141212121469
5.911328420514828,3.0099281812089425
3.2669950271190795,0.012969023498025312
5.74699257026588,2.9482616864325277
4.318353906589733,2.0007729102095357
4.8989439632972775,1.5809819379125
3.766098472067284,2.638564327881504
6.573275374295211,2.744724617306327
4.451788193812725,2.4434714987023165
4.8478250166261025,1.399355462569802
5.650502945248888,2.458903283038493
3.491993099674586,1.5442430451524807
5.925341457979303,2.2760209354238383
4.598470303938048,3.2360345518455382
6.773295842066911,3.601446861670735
3.727262224067098,3.3916555965000637
3.754103715213194,2.8850941259858436
5.462711651770197,1.6123026705893044
6.921221477433901,3.0007797420129387
4.96737372206159,2.2328946812154356
4.920355855362804,3.929444626763285
8.16575015259238,3.4430782464593106
2.145243782360627,1.1012179849006798
6.19879948850196,2.2520595327519763
3.8435793933992826,2.3978600051271384
4.546186528603791,1.1601731097323302
4.946490587537274,2.274707693587857
5.086024989194484,1.2063654076028567
3.7907658225908563,3.0552784620895705
6.298893418191319,3.9534328840614372
2.767984830358545,1.9364754736131562
5.027670407256753,2.6138860631847316
5.5519968151867305,2.9907752030374914
6.20036767292091,3.22736786388349
6.5036791702626315,2.161388610380005
3.9305101291644737,0.3514480911336211
3.7123621689309454,-0.04164819595613922
3.8533123502818896,1.9928837877838208
7.06568306923199,3.2641577667151793
6.530128061122275,2.589007153599348
4.401130634015333,1.1815778369759462
6.843732328525727,4.477193357728231
4.551437506713378,2.2413556516087474
5.086067242524394,3.122007860383107
4.613184539982263,2.180827968074227
5.30643770314385,3.5647144886592637
3.1432951064727,1.8208194360783787
1.436681703402579,0.6402201911600442
4.241203065036059,3.321100681876373
4.5625786635672645,2.465868360216323
5.242846542043008,3.0369925536674938
7.218819643655248,3.171229773109417
7.038767470658157,1.8623811706849036
3.8471654222166647,1.5639263489480526
5.890222062709424,3.3255573957325613
6.129184376316893,3.892196384783834
3.870686038551939,0.6670420550832596
3.54199102238825,1.8327118883995288
3.6060952004949423,1.8647388445426012
6.552994255388176,2.0716968791096315
6.472649308750858,2.931258801000579
3.5415622620775618,2.1902268624427954
4.119652572139513,3.2111055518596006
7.560200026810519,3.0002086453221195
6.303983030343493,3.3075540608695118
7.143171352760562,3.250138274933939
3.045545987222426,2.207749101428398
3.3925136462595997,1.1124550306858463
6.093841249382727,3.356605422111567
6.096123986864636,3.0618623398002818
4.953943283964076,2.9229500566298343
2.8158707540434866,2.4010409234367325
3.9667385332941403,1.7464382640450908
4.347755020452944,1.8219730922085045
6.585238870475315,2.1625392063668776
5.466920912436762,3.1956708892370242
4.162397796308807,2.0680770328283704
4.497363804016887,1.7597148827179874
2.9774142083430593,1.480383279687309
5.101265815586663,3.126706487591938
5.022826364848566,2.811463337801155
3.5214788752940627,1.0066738343966786
5.340022721590228,2.5742335405243963
4.214405048206887,3.6464366128788597
3.4148982919835027,2.705934073191994
7.717983997655392,4.517457976095959
4.3960772049032935,2.648491517254531
5.118745796085055,2.072745781302166
4.146630255392929,1.9006795895980697
5.1230584228698435,2.1297108077083577
4.95412886508374,2.9607775025121006
3.9719393914925867,1.9311891393161944
4.881781459235667,2.315311140708627
4.031786190292886,1.634612222438744
5.2133193996126375,2.758224021881433
5.305820159357675,2.9638116198217572
3.0098957845494523,1.397875829025943
2.8721325580624737,2.0965418252171117
4.441923517625814,2.8069755666937515
3.5210974054753104,1.0119489533564805
3.629459814883646,2.796270354973862
5.263647194382574,3.820165839677404
4.404106331883235,1.557118075512101
4.853437153617548,1.3137654088292399
6.8396577084464845,2.374607887741412
4.736520987722714,2.0886438693744824
5.9836622874473555,2.672290933061083
5.14857970932477,2.346106534764063
5.4599115891871,2.9273253817626426
6.23667317729851,2.795804852547926
3.4824266825183865,1.9435396342693378
6.484789905606403,4.655237198692401
5.3470982845907296,4.0862411233914315
4.489046065866817,3.0302613108961607
7.27446794320362,3.1940316513195173
5.908017708878752,2.5771433767281784
6.10184816873737,2.627606232952944
5.337639040903525,2.202019923445409
5.040000336718655,2.8012243452818706
7.112607048491318,3.524740812019479
6.144771700989065,3.080187683221731
4.789046041904865,1.238971445520415
5.117314014949255,3.3193249061175205
3.981017824857435,1.4864471291698433
3.8672088587280022,2.092569423553273
5.108903901921417,2.155628106009163
4.444355166587381,2.736705142729556
5.591417264953999,3.223861796020586
6.7319695489146145,2.5360735725885286
4.445461997814432,2.0043003356474625
5.801761270769631,3.244973787316318
4.168944598716293,2.0648234474009644
3.55524348834739,1.1148875306592445
5.418647162369489,3.4908336652988803
5.893091207627252,3.5942041220715364
7.184557171558008,2.9504309677943
5.33902912852523,2.3663285492490003
3.590357259757571,0.9162651813313474
4.980343661511398,2.616667739886501
4.721375056382006,3.261800119040013
5.82726529887193,2.5577435887595508
5.814853768755636,3.6809375230279286
4.602959025289803,2.4973468121740305
5.140257569262676,1.684015747519871
4.31530968362282,2.3686220238141753
3.215614860921301,1.8219991610026165
5.987423875957686,2.8267097796758094
3.36530736581527,0.6004265279937999
6.445923253938559,3.530470704481539
3.3219955454428898,1.6026546675807247
5.548027329512461,4.588644733971593
5.5606514440666315,3.4942849385350745
3.310745324364831,1.6164532777261975
3.781369289544414,3.0018632849795535
6.161799928594402,3.81168897798863
3.2021070414270696,2.4913739512252144
5.293870251743973,3.045112514533936
5.838957843592108,2.5100347228369553
5.820046653732131,3.487101746191253
4.362008412854276,3.0589538430738923
7.987511874420967,3.5097554709485106
4.002029366386062,3.3373599117760135
6.399223105115587,1.8945500738444947
5.653326569310541,2.834398628001487
3.63793966801377,2.6543321802906585
4.170730697753644,1.977629759897871
2.8101340958202585,0.7180379563211254
4.733100054808411,2.8577936030777877
5.5947455428139365,2.6939218247923273
4.51687913100855,1.5341417426022816
5.191671888087706,2.526279085676753
2.0651591490927936,1.521682452960062
5.421356462977318,3.401151633248592
5.942707543709722,3.4402865897278088
6.4932623909524345,4.004765461185803
5.5252712399424135,1.8008857495753454
4.1119462456732325,2.735368837226894
4.37417599998274,2.350930838536798
6.070187912731268,3.831823975252113
7.510235665363748,3.555427856438052
3.1270730207415864,0.3845584878631265
7.200924516722683,3.0872381468375325
4.49131952309016,2.20177594230712
3.755050096445782,1.8813786565340624
5.756128714497129,3.729222886966989
5.302852712321322,3.2614588343167785
3.163944754916689,1.9055915985014693
3.8528751517260598,0.9333919603721914
5.300561421190235,2.8815567819892896
5.744901673258776,4.051520643746583
3.3301688870619772,1.9859018278584624
4.240887948532705,2.033658647440172
6.269097185354961,2.8115567990128887
5.068511789870501,2.7978534713108885
4.91453622680177,2.7500140463669807
6.597860615671582,2.8953750162685763
4.336245106240619,2.9630387772102154
6.56410926865826,3.7432796723115063
4.057047624189975,1.9873599931092518
4.899129260606802,2.20343996483934
5.023039815226885,2.2970744669917322
6.070108629054951,4.272657832914025
4.671711569319976,1.9777708261445262
3.4609500473217865,1.4803572283224602
4.702575835428229,1.08715932540626
5.142975207045392,3.5241528075679183
2.555827736426167,2.6744610950591485
2.6220551325846406,2.6542547434064963
6.088338207275418,2.0960020552628182
7.495942963164778,4.10686517516558
4.576242611758245,3.57088929527309
4.524537418760959,3.6231694711110722
5.988448255370242,4.578568662259963
4.428693054319077,3.3696262957243124
4.0025601054766256,1.330371649923108
4.000820253526418,1.5425528689536738
3.5911609066800656,2.2710103484583843
4.378077904835005,2.1210361551565695
5.054786700051376,2.6912353706657544
7.187747977161621,4.657946078449081
4.810475088822375,2.6768230975306486
5.749040611279118,3.2849963759496394
4.774189631881362,3.7602984353556743
5.969963831106249,4.173352629294448
5.589530296560181,3.2389880700185545
5.437770705196524,2.0694970741238854
6.900246206898659,4.293972783722302
6.943009679496831,3.3371737820332514
2.856556192998247,2.4526725415894464
5.062292895374711,1.314102783950775
4.952711902940154,2.623158993532531
5.2822920494620655,3.8411201252492067
4.455235334407849,2.532138734498068
5.4377025339817155,1.7310196398637632
6.249172628714715,2.508403721993474
3.438917402865095,1.7210682436974882
4.17927626581101,2.450534806253962
3.7930372545853137,3.251875515955399
3.763689654965985,2.121085909975461
4.154295653720455,3.288026745164558
6.428537460454455,4.498782789278856
5.261856001931757,3.1370041679013747
5.13448346337311,2.693406619550077
6.395294059233381,0.43559214141030544
6.448368379107858,2.7326558137139747
7.0731804160035585,2.2194815483516432
4.677824158871782,1.5232980218312306
4.385451352007707,3.159614661764455
6.236477852356742,3.0984249008892126
3.7450411995040724,1.557970632369666
6.125977010344699,1.4393804725179324
3.5023887104938716,1.4569173137293445
6.217606058834395,3.8996413890764825
5.495957240299866,2.7313979321935036
5.486691752370987,3.3810202549621433
4.3927665054896785,1.7730779952418152
4.430064594402104,3.435244656463895
4.982075626106565,2.118437541438714
3.6169797274394,1.1779819373103517
5.3403261940397675,1.7100544156993367
6.201205653759546,2.7368461463651976
4.001124701152744,2.772016139975806
5.2441977025974795,3.251844112516096
4.8586104501544,2.9912892608867354
5.804111602245382,3.185662342344717
5.123175383177192,2.6833813859227784
2.026064037334417,1.036622006846335
2.9913125180762314,2.234513040572418
6.580258646693095,3.7560571339698168
4.284007499422371,0.8429901547371537
4.676058972575431,5.136738355857101
5.004701717237688,2.171874642670027
5.207814306927464,1.954247182266934
4.742501432527125,2.5657936169489397
4.771689638282438,3.5545975779261383
2.6161118459854493,2.010418637357652
6.008889043922592,2.687483260448269
6.344815160096049,3.6251344374175503
5.6845068291912595,2.4671786565362606
5.648245266556399,3.0920467888676586
5.18069228104393,1.689908962967952
3.1471825831253954,1.6017578871680926
6.219307105722779,3.9182454484894182
5.29806574561348,4.180010101975159
3.219248924631245,1.9479750974576164
2.57884025579136,0.4097233964321352
4.688720257557472,2.135602994696316
6.429174724253917,2.3008252849678614
3.7501626768724328,1.6134908562893888
6.2326974099000125,2.8050845828239255
1.375013429421374,0.4673716963358783
5.838690822842774,2.824039413283222
3.630097981434285,1.64553958873707
5.200028934826881,2.580034235306792
5.655294739861139,2.685392967120916
3.4571212285892754,1.4520109751711463
6.087266310136726,0.7753202656525979
3.734708761133754,2.798486110362492
5.592586037242409,3.240650833051205
6.113720367543667,3.4110093036735734
5.356435919849622,0.8907349489776071
3.2689085140719274,2.589134222197908
5.5376789241768085,1.9235810788820014
5.047505630193177,2.4140010199978024
3.9334151848640837,1.8505010513379792
4.776114813186289,3.201138655155646
4.183203486274773,2.1255612334848473
6.021112582806824,2.4886481207433984
6.020195998157921,2.451854107911348
4.969152491254136,3.471131217205241
5.430380799289993,2.5703726047136204
6.938910216505563,4.492541555150793
5.147039599557308,3.137059300464621
4.594851049436647,1.7665932231961539
4.896429595023283,1.2589997174798822
5.206431782955508,3.8802801686117503
5.860127389627215,3.3822720325526543
5.192134406871477,1.9966429476155536
3.272663537708043,1.4383275227384849
3.328377139702763,3.2679445796619504
6.700653411934878,3.43528618951492
3.9257840605348835,1.8300868768343481
3.3738882363939977,2.111021884515052
4.523176463897704,2.641085303755174
6.434544896117283,2.0661694034309783
6.979507013977523,3.878847729554656
5.656955390320078,3.999668158016605
7.000961745275514,2.2206537041738543
6.822440493523668,4.707212041385549
4.731074146440568,2.809696240705547
5.872574816621973,4.274743198620163
6.745551044061612,3.4699555411509184
5.151706727499632,3.4409972861056413
6.47305570616131,3.0005290860704474
5.394971435095513,2.6657966498337604
4.732697459802268,2.943543410420285
4.018574267166739,1.6720657923843256
5.097046467228715,2.701805081138048
4.5672311767256275,2.1761256595953165
4.2486662233727515,2.32626452530775
4.258151695725397,1.5774936728162523
4.925898591960097,2.0060203257215954
7.273765001814973,3.245188124902742
4.967284599517809,2.0795464958664476
5.874392463428569,3.571442908468797
3.3181447112413593,2.1050402012380043
4.638736577218,1.226957165603165
3.7580092578682414,3.1536437018625385
3.4144618716359503,1.6870504903090884
3.690134948162897,1.5739691854586284
5.173908395906039,3.0086519119630823
4.670053418733606,1.834274038081494
4.789507204598469,3.2844560562136715
5.455707641870451,2.91928492337607
4.226690331010739,2.884620900568984
4.927018244696203,2.726450949469985
3.7318162061391096,1.41657955930373
6.174378355697139,2.0608000548343344
4.262480140800895,1.7217314679079323
6.2085843081318215,1.759531961204182
5.799888722115427,2.198496117159659
5.438169456124855,2.493129289448019
4.358077918023895,3.474385684148765
6.240933417479095,3.1675098907247627
5.70730283657574,2.6898610872775968
4.451119446804762,2.932052498870823
4.735483185568786,2.5610246442408524
4.114207656484093,2.158105111591928
5.396336646311048,2.7736639118421382
5.295741493025372,1.451390684226115
3.942715101330502,2.104345776978696
3.9794382974860785,2.1722009222316374
6.474286968028185,2.8992994296646306
5.283851765092461,1.767412053440154
3.9177445991181585,1.0037202605036923
2.892791054751868,1.6058610630509453
4.608596064251844,1.4153926139845185
5.284605091426322,2.462562520311607
2.5734701620850955,2.799579195893376
3.6002083860989402,-0.13033493111980654
5.1466714233477235,1.706792433343547
4.995925600976963,2.280372410678291
7.009776902364726,2.8417996896584143
4.087288823641518,1.996782202809742
5.4225561438844485,2.9599635770281454
5.744625583984143,3.5448400300368292
4.807975144743714,3.3555372885999413
6.86888082415263,3.9682799113857943
5.710457143987002,1.945448481421205
5.8418819038660885,3.155772791472514
4.252842799169656,1.8496994933613136
5.14808124505316,2.3263550846444407
4.699188294660991,3.9590526599733833
3.4445053445450484,2.964298376722302
5.07870178606681,2.986506088147352
4.555702188802835,3.1940249893649937
3.931598713509793,3.2834843136548892
4.700131410395645,2.1495030919452374
6.074775258033523,2.765644025461725
4.112925022090926,1.7079426922921868
4.4443004976118985,2.9025982767674074
3.7808565867904207,1.0463931835132847
5.554789913047875,1.9263951260093688
4.689431445687925,2.3527910521572792
5.085606688938201,1.621117704584822
5.953164520051293,1.7721552122769881
4.382380989521218,1.7962074400139985
5.5431962736249405,3.083851231079979
4.354276045592147,1.7465859297907096
4.804462504368485,2.6420499805779247
5.599910888375149,2.13161695059527
5.481233676731148,3.379655206383481
5.140423876481658,1.6970458528788661
5.306076831432925,3.207137317030831
5.257581021670857,2.023088345038294
6.245655880365431,3.3444835466284917
3.2385247250326614,1.3431320035479228
6.260998652597506,2.520109093022354
4.61631647425559,0.7080699735456397
5.640891284229186,2.764576191265978
5.070304960995458,4.105200137312341
4.800140382153549,2.455384116785692
3.954532120538512,1.8208859097144963
6.8632659242340175,3.7180599884191547
5.807317289871916,2.4714753938511542
3.9959165272759956,1.204108990685823
5.038153725317251,2.4847949080606013
4.040911844541572,3.528760316924803
6.055699274622124,3.0300771256938166
3.8378547046510407,1.8387239842395111
6.007021657208768,2.6791120640315484
4.222996052062843,1.0340357788441619
2.5636692629016644,2.488891652902595
4.796577354268862,2.6647339266880627
4.624258299894296,2.019450762280033
5.3360858908896285,1.0570326174240714
7.16411250773804,3.0080426388963852
5.653729209974887,3.2389633817233303
4.565345988326323,2.8402144996021588
5.04349006337406,2.5080445044318287
4.820713312106966,1.7371055490653144
6.229492583785046,2.7012060398089246
6.761085279978536,3.0723830991317604
5.67794413280074,2.04191037316693
6.217896266662934,2.691056857727537
3.4219591519126693,2.582312158224802
5.60329926943088,3.6327263554621343
5.4929783065363065,1.9463568237971636
5.596478773435806,2.2412563142172215
6.386784044530019,2.164379369124283
5.493598485463241,1.5106279082192258
5.678409377326071,3.218322894240657
3.30066034191102,1.3366375228011709
4.825881776194198,2.8702221802319063
4.936908232247466,3.3673893828785966
7.5507914086362415,4.107743363126172
6.096727689016738,3.1230798536027895
3.8162116498845693,1.719751987908759
5.6792982768418945,2.826294752611542
5.706728232358025,2.8363681710853736
5.933984360208196,2.311123945224655
6.573398871289275,3.698932298372796
6.065811695654522,1.9589263476669818
6.598848226195338,3.3037243979253033
6.202500927670569,3.157317485707909
3.088731786906912,3.662148755988281
4.411902801899199,3.2025306938097686
7.185490626649207,3.1013783529170205
4.949189915651326,2.6503319796175533
6.617788170982364,4.063180933712367
4.569605796388882,2.3727067339658614
4.940807973577058,1.9269541348132957
4.149572103780102,2.0111234854286364
5.471863869549518,3.0325909535563444
6.543635081971031,2.9202408418170407
5.659122652768316,2.9012831920909896
5.5841288193374075,2.8435088189467965
7.106298868829294,2.639873741964051
4.790738573010089,2.211575608981621
5.973776743642909,3.1268403523328208
4.566133543794875,2.8846873607097616
5.009526138274223,1.8237668088007646
4.790123965516579,3.071834628473747
4.770999636447199,1.7905371910616643
4.148288022071643,1.3673507010289083
5.987562070746893,1.5896818572638391
5.000155593796508,2.6344335465533444
5.424968286377055,2.6292940085749192
5.798369500109966,3.241258361524609
5.570597217353709,3.1580334148551117
4.704941763169958,2.29773985113672
4.717434477878666,2.478033488813349
5.797030701465666,1.7455820814982128
2.624672231080474,2.807007771253739
5.022690490457373,1.9144937294093838
5.224592063942019,1.589806986766255
3.893856384498529,3.093408689853902
4.299414447629108,2.5104165893423698
7.187021944490322,3.5083035878955933
5.808849332768477,4.251883090241235
5.1723332355343405,2.3831018333990825
4.025578760567729,2.7766085688073097
4.49715063501495,1.6910464810454489
4.3527198843133945,2.5876523584947786
4.998997101065763,3.093732893455112
5.49697137716534,3.2774475038979
3.5138600032108362,2.0512116990201674
5.654435397951489,3.318302743933824
3.6836803696172433,2.3800499035651117
5.842673453239453,3.050964520994274
3.717422708848991,4.222404011988219
4.117374675776425,1.9328102894744439
3.5827243559595825,1.640539764531662
4.230226744987838,3.4383043629950576
3.2510053500426164,1.8778760535830543
6.558454131710588,1.2252520373480205
4.941263534100921,1.8656833054676234
3.2109387582988473,2.488442025080789
6.588423873355158,2.5254521977965023
5.216343164989007,2.820820412205342
4.222504484768391,1.1366552027476844
7.2658888842759755,3.6253298161035206
5.5126739038836545,2.737739222034793
3.555826974258021,1.2907582376676263
3.911517394652876,1.7243357531609294
4.140167687946387,2.701606541460272
5.626889901294286,1.618545713145679
6.157045599201265,3.024728104064875
7.146569568173301,2.660393958975138
5.955067413568454,2.236890639045866
3.982400478324024,2.4509037294854163
7.659367202819761,4.464668876625943
5.935883017776916,2.8516856951810987
3.448424384109301,1.7005296544544224
5.618753121311789,2.170857228632917
4.660326417505947,2.753669073400679
4.22854364992377,1.685469478385391
2.8217084879902687,1.1958153551642636
2.897789167721657,1.4068836675258949
2.478882049271464,2.392278009545909
5.845012004827044,2.9185623475303704
4.8343716254175115,3.046272706672696
6.254907164747339,2.37178161962062
1.2413835779926798,1.007680096926578
3.4596824227610874,1.866684344993026
4.170632110651466,2.7284353353817545
4.548970567486688,2.1702151330854025
4.654113657752236,3.53119928852953
5.359192200686451,3.3428528832217044
4.791313932458042,2.2960833784888757
4.021511485203323,1.685957724083028
6.925748328770236,4.386910534893316
4.530350836657576,2.607686308872179
3.6450644665123138,1.711084857905993
3.514633745558375,1.4990761752345714
2.83111348063487,0.32737364225105203
5.07585812853087,2.3278305946159086
6.767730537891514,2.7090426424854117
5.640300163421804,1.4353358022199734
4.856175128109664,2.963639949449152
6.671361487083727,2.745123097646043
6.96828542076567,3.1617602604120796
5.663851166610492,2.12357501258255
5.950786743126359,3.0755143596835355
5.180718059698348,1.5391492834081535
6.018591223223671,2.415528883754712
7.028969518606505,3.5211506464682083
4.6205683643094515,2.3777267521428955
5.784769208325111,3.7357012419375737
4.473472904805809,1.5434779785462323
5.237130496464367,3.2509701096847223
5.322578271149301,3.5138358095117446
3.451684589984847,1.4785883058526068
5.0594287093415256,2.4923902833148275
3.341428154058331,2.173387546085028
6.735737934634361,2.3438626854048974
5.94551215091308,2.708418116914396
5.956376904871919,3.6875334204983012
4.708598001228781,2.997984911189469
4.294481234717203,1.3127718542352635
2.2567584030954175,2.1615248774797116
5.630497107990377,2.1170174622095765
5.8514919845546345,3.348106672125885
5.615748739868104,3.032620555740734
3.1227612083004046,1.2950971963977274
5.362871868088103,2.988890247721193
5.12579483557494,1.6853023525691229
7.20526691748857,3.5364407573488097
5.790847144450151,2.4736860597595984
4.942178415989174,2.7630062730392946
5.843614798690338,3.503486427917453
6.150639041756911,2.954223278757142
4.631917022627615,2.819878743173442
3.552674402171104,1.9595029550227572
5.024314020774023,2.790646844036401
4.879720034888734,1.8557048956009137
5.199432038173201,2.3109057519861897
5.355598415883901,1.3072972305953316
7.472643365687427,2.0932293049219908
4.337926226274214,1.7337184440078206
5.792926542407527,1.3337369512220945
4.396442742595395,2.2909112872037114
3.0525705174714366,2.551880842921382
4.586822119495188,2.317482057180873
4.741481444441663,2.231075275112431
5.409628722966958,2.687619927487348
5.111491117176019,1.8995486025375294
4.806586148386957,3.842884726334426
5.815562317186413,2.5897916706713184
4.898818037873961,1.6519559899175595
6.042278339850718,1.8694548101744317
5.516070011555735,1.9795165013121516
7.319764334419198,4.087426267904576
4.347228895335111,1.8837697658925932
3.589316728947681,0.24580656816521707
6.852889422400402,3.5703861010288103
4.081712645719569,1.7999798502855369
5.987039040103401,2.128835298452969
3.208454678288928,0.9435563322766298
4.291931333628489,2.2246682848608645
6.448606636342917,3.9643534043432296
5.703541441808142,3.183862034330873
4.5552409012497055,2.0357899907702715
2.6284862006398,2.226928811371933
4.865755954102354,3.0669189975731594
2.978417879160832,2.7747220826040007
4.684067943998488,3.9717805677276883
6.518238671126872,2.3566997549812374
4.634337114919646,1.465307976625361
3.7593268581219235,0.20276163331757147
4.846258791241484,2.89583786716255
6.639577653890022,4.2658156642844
6.643648802736013,3.6744646332526094
4.745694638124455,2.4996377750319954
3.815680487547476,2.449685255900616
6.362360499749554,2.4704040913430183
5.565301570565014,1.4083128007996537
3.6161396192791417,1.5080572736096296
2.167602717214228,1.2948459112560802
6.151765797861793,2.2800556220679855
4.745949081232062,-0.35263955169427064
4.844336971797551,4.101777515483869
4.918024124051798,2.967509638887339
4.892101983982047,2.854038180402269
6.002976239834806,3.102806390515628
3.635279776195927,1.6734399352973162
4.48568014526599,3.1701837331172014
3.775478070325037,1.9273693273510195
6.377151185915967,2.36448856110258
4.8033015322512025,2.376546884162045
1.9240060077175638,3.304772613444542
3.3178115006748614,1.1026079381894105
5.945508250463768,1.6998693862461438
4.634888534373801,2.4829855968879353
4.291975794344119,1.2946088237581694
4.699791948729664,2.2966832771429684
4.427082768725691,0.9605932414892622
3.5378293777590377,1.6510271927941398
5.566318379119243,1.7787969994535229
5.223527554721988,2.820037368971329
5.34309195300368,2.788287067021219
6.4624041770888665,3.262299287735659
6.866700337045669,1.9679257333181117
6.837164273601232,3.250623350545581
4.671038659039089,2.3129333375117653
3.408818621226267,1.8082644871120883
5.202525576108713,2.148356267072299
4.4980538867198145,2.1001302072396832
7.287847978292687,3.7161909382397047
5.16282022442107,2.442664487181084
1.6676964937144367,1.0603358168173174
3.8596010581022533,2.3330675263837506
5.497720509867369,2.9582878529305194
4.644553963983311,2.50444655117211
5.777979894948823,3.1921160413365364
5.859096102699596,1.9717430406352525
6.402846771151059,2.92969284019509
5.630785244782777,1.7423987733401491
7.260936660883348,2.9266235189759726
5.186005604685227,3.805088967879878
5.3434612180740135,0.7858744269229807
5.677179655851222,2.9427852655926423
3.9317631015215566,1.7400642408265585
3.2842118667688527,0.883336528680005
2.8109474563077947,0.9118817316920322
5.015132642161556,2.783223162751953
6.059981822878566,2.178744156708744
4.474726107216526,2.3559157945598144
2.910107276808938,1.9952383440611885
5.545908093506339,3.2566235737554132
6.564284322814219,2.01872064868473
5.577694043830343,2.2940299105250572
5.589246733473994,3.5522704178346465
5.538617147608617,1.959601369493336
5.652235338019188,2.986812764672467
7.412275268758746,4.168877479920964
4.767540141169953,2.64760670632383
3.209160904017523,2.417609695168334
5.319518525566718,3.4960092871136004
5.365667910149652,1.645918923519635
5.260239296472308,2.4267362510182364
4.897016442978722,1.6957297425014244
6.009065715367198,3.2494371671449693
6.153227283444637,2.69975753954535
5.818081884505607,3.1720081025667386
5.069761165411501,2.097375704630772
8.228748636968335,4.817652733257841
6.2012120144948595,3.198778417395824
6.401208512615158,1.709354740661141
4.772691896233902,1.8354017039438073
5.258707083043803,2.6350025061357605
2.7173338561636586,0.6728434261727552
5.790426617591265,2.3040266978713126
5.445194458816,2.87562290635368
5.441297061912259,2.7860629417195697
5.27342756924371,2.4566448013201927
4.514655384288627,4.139820783847155
6.07701554091123,3.050176818605819
6.030469807321674,3.5464230248751507
4.436993409602538,1.9805994915101826
6.018666307014524,3.597807258233804
4.2734298765693275,0.6886090888290135
6.085670571741988,2.941133035268086
5.176319986970593,2.5552605040516556
4.467247847337003,1.8702348877105703
4.924984263782642,2.948641059270205
4.921899446528692,3.6117509676806274
4.47349241372909,3.0285205534874344
4.318084731155994,2.792805904466
4.744094251476777,2.569759357226664
4.448170659984213,1.9364192734676964
3.2213382136153346,1.0500912182968314
3.4867667247196277,1.4954559108544
3.5211324621724756,2.2047254081138625
2.2447438098312347,3.4650264853720047
1.9567251542189448,0.6166421261150452
4.816267605318041,1.9707935347517016
4.85856862161417,1.5878120723380211
4.731171552787492,1.3406734591435072
3.1093805039791595,1.2637807046301464
6.338300362804559,2.9776330094415906
5.055573232277002,1.7102031464020873
2.816804720341986,1.6739536171852074
5.925971757415006,2.0920162992110987
4.482240901200315,2.6036840436625845
4.076097786387815,1.9409819098898116
5.619738607259702,3.57923924373383
5.416945874233706,1.9779148543276626
5.000771242630552,2.373901235275337
5.236674519742928,3.234666551934482
7.715970933337107,4.688531452403312
5.677361441649123,2.4599456699754016
5.355594206873033,2.9433758542186133
6.457894081882376,3.2379495085531538
3.618589610264481,2.3271881550468887
6.530505160271437,2.704244966340961
7.2163766876956466,2.5953389813924446
3.741863575189948,2.518802286098569
5.780575593979485,4.4738176897119
3.2643396119487806,1.9768693121608911
5.681963050937451,2.460109687087849
3.886636921946522,2.297168133044316
6.613456413503312,3.614146277732761
4.273315741268308,3.2132854719641673
6.094681675228981,2.855505521199158
5.280076572565065,2.504955663696959
5.214231386256978,3.7226204138911303
6.187031419227143,2.752827149993839
6.218910358253403,2.969927651866407
3.7434806873720676,1.9240205777544972
3.9434881378383313,2.3705761550450033
5.846570214521282,1.511803266805337
4.791376847442009,2.3464755852309676
5.451342329528201,2.3834606051924196
5.513789889625414,2.211322004875546
6.142094807143742,2.630451616828302
4.156519675760899,3.3993187628864376
4.95559778308025,0.928187794721512
4.646528048838641,2.726324529902133
4.227797301660903,1.5956287137685177
6.479155747138687,4.041698385201517
4.840422808689355,3.931819283084595
5.602747805518516,4.481514189537147
5.657039414747936,4.47748493626508
4.356007000651809,2.9593129159924496
3.8448650942080125,2.789713378431465
4.190539351129185,2.8000240271473675
6.193054858459464,3.19544183478822
6.298873690014444,3.2782734908105895
4.619350798392217,2.286207306080021
3.3055637521601167,2.2995434828008947
3.76970136904002,2.6705700904035896
3.40172127225046,1.0332959709011633
5.236877289999562,2.7700325240987427
6.1266807184073215,2.8220207022245036
7.058394541028958,2.7721345675082127
3.412966472199348,1.4408962024186314
7.0056157618475945,3.900641021812096
6.051375857215088,1.557171400281834
5.936373881609249,2.8223929062037243
4.9146966329069945,1.9822484961444808
3.7552364045435276,1.6137452593228947
1.9276600314547103,1.5541819931695273
2.7737898941983037,2.3151719209721415
5.88695619527614,4.090804652858379
1.2670624325365303,1.827022947316224
4.866646002663023,1.6244637375868023
3.77237964444147,1.4610894116533562
4.2847951141796035,2.8832558238292973
3.8659041589431733,1.2294978342365979
3.6186392689984457,2.1835067422441528
5.337287601592925,2.486555795038997
3.861727315014561,3.2902847254400247
5.026580852054636,3.306172614248052
6.0462623308009285,2.7177601793379558
5.00365938559014,2.445653800891376
5.353850912973573,2.1254184720174614
5.8051620522093,2.649134217156134
4.070786613552956,2.27833919441459
3.661661079812644,2.6879649103732834
5.263164296235235,2.142340004565436
5.232407518618025,3.978040844828296
3.4118482866887665,2.851137524199034
3.6679092519065106,1.651106112341481
4.309699253342484,2.2390468839023785
2.2108367725569273,1.3989378682425087
3.0708294253365005,1.5317681206139482
3.3233663344728486,1.793755925145014
5.157955943095113,3.7132583127455066
5.802292111816687,2.7872115733768608
3.8729705123403564,2.23284210768212
5.348599366684147,2.7984375551862124
3.629070925156528,1.1934343210119676
7.4512855155168465,4.812837659209833
5.610977345317246,2.645155638591467
4.19159640774229,1.7159150654232216
4.7863053282182655,3.337781409695195
4.211353387716823,2.039687335710708
6.223372672358539,2.4548377639998966
3.6821758882168574,2.243124679560893
5.949492696886145,3.2770596308193545
7.130783325405126,4.287097036431416
4.897630861699285,1.8624278863481774
3.551913473175202,1.986829472271527
5.486115268597068,2.5078003536697078
5.037267121616593,3.1962865848501085
4.440289436339974,1.8190836148259821
6.480721710588142,3.1644122129280152
4.8760481938215054,1.7529822366298005
5.973255472730267,2.9088452389712365
4.444938512358288,2.687413066374411
4.435238376488979,0.671418798943594
3.7252940707996283,2.0506052521561564
5.372565089365815,3.3663192091166865
8.024827374676622,2.698018682840267
3.253220180613262,0.3934084734010619
5.191281620875745,1.6750066769928356
5.967313952099515,2.178277116748272
4.62108308080543,0.5965419031347381
5.461711264460404,1.8852997836253316
6.0280339769533136,3.696329877338812
6.193528231584354,3.038541421731598
4.527511789397138,2.242071398923625
3.9679634584498253,2.724400771134749
4.903050265680396,2.137751005451613
5.297386392359763,2.2860549094188376
4.210573459204899,1.429088065617017
4.446401497749322,2.6775562657177066
6.4288516479352555,2.0225607717304173
4.070631388342824,2.0064336797614635
5.191253225102972,2.5569740721941367
4.730726698106815,2.6239392933820285
5.409853174737718,2.1829893195493817
4.245293577797707,2.6033574444594807
6.485502359458975,1.7453880712687193
3.566192762942393,2.350180709191021
4.3287087536721875,1.720232553904061
